county_fips,dcname,mw_peak,oy,ann
13121,QTS Atlanta- Metro,52.718599999999995,2006.0,2000.0
51107,IAD39,225.0,2018.0,2015.0
32029,Supernap Tahoe Reno 1,80.9856,2017.0,2015.0
32003,Henderson-1,60.0,2020.0,2018.0
51107,IAD-01,50.00079,2019.0,2018.0
51107,NVAL2,60.0,2023.0,2022.0
51107,IAD-02,56.6046,2020.0,2020.0
51107,IAD-03,72.0,2024.0,2022.0
49035,SLC-02,50.0,2020.0,2019.0
51107,Ashburn,69.23073720000001,2023.0,2018.0
51107,Sterling V Data Center,57.45,2017.0,2016.0
32003,Henderson-2,60.0,2020.0,2020.0
13217,Social Circle 1,50.0,2021.0,2018.0
51107,24086 Bears School Road,95.985,2023.0,2020.0
51107,VA1,54.0,2022.0,2018.0
35061,Los Lunas 7,92.0,2024.0,2022.0
28089,"Madison County, MS Canton 1",80.0,2025.0,2024.0
51153,MCC3,58.461631999999994,2024.0,2021.0
51107,Leesburg 1,66.15385,2024.0,2021.0
51153,Gainesville Crossing 1,55.384,2023.0,2021.0
51153,Gainesville Crossing 2,55.384620000000005,2024.0,2022.0
51107,Digital Dulles 2,95.985,2024.0,2020.0
51107,Digital Dulles 4,95.985,2025.0,2020.0
51107,NVAL2b,60.0,2024.0,2022.0
51153,Bristow 1 (Google RLF DC),93.8462477,2024.0,2021.0
51153,Bristow 2,50.000099999999996,2025.0,2021.0
04013,PHX06,54.0,2025.0,2022.0
32029,Supernap Tahoe Reno 3,53.6256,2025.0,2022.0
13121,ATL01-2,100.0,2025.0,2019.0
45091,York County/Charlotte 1,72.0,2025.0,2023.0
13097,Douglasville,100.0,2003.0,2003.0
53025,CO1 and CO2,71.1,2008.0,2006.0
56021,Cheyenne,65.0,2013.0,2012.0
37027,Lenoir 3,120.0,2014.0,2007.0
41065,The Dalles 3,65.60010000000001,2014.0,2005.0
19155,Council Bluffs 2 building 5,60.0,2015.0,2012.0
56021,Cheyenne 2,65.0,2015.0,2014.0
19155,Council Bluffs 2 building 6,60.0,2015.0,2012.0
19153,ATN 3-4,50.142,2016.0,2008.0
37161,Forest City 3,80.0,2016.0,2010.0
13097,Douglasville 2 (Woodside),240.0,2016.0,2015.0
04013,Mesa,152.2584,2016.0,2015.0
41049,PDX62,53.4,2017.0,2017.0
41049,PDX61,53.7,2018.0,2017.0
31153,Sarpy 1,80.0,2018.0,2017.0
32031,Reno 3 (4 more sections),54.9333333,2019.0,2019.0
32031,Reno 4 (4 more sections),54.9333333,2019.0,2019.0
56021,Cheyenne 3,65.0,2020.0,2015.0
32029,US-RNO 2,214.656,2024.0,2022.0
39089,Newton Court 1,60.0,2021.0,2019.0
31153,Sarpy 6,80.0,2021.0,2021.0
39089,Newton Court 2,60.0,2022.0,2019.0
53025,MWH09,52.8,2022.0,2019.0
13217,Social Circle 2,50.0,2022.0,2018.0
01089,Alabama 3,80.0,2023.0,2021.0
04013,Mesa 1,70.08,2023.0,2021.0
19155,Council Bluffs 2 building 8,60.0,2023.0,2022.0
19155,Council Bluffs 2 building 9,60.0,2023.0,2022.0
19155,Council Bluffs 2 building 10,60.0,2023.0,2022.0
39045,Lancaster 1,50.0,2024.0,2021.0
17037,DeKalb 1,90.0,2024.0,2020.0
17037,DeKalb 2,90.0,2024.0,2020.0
04013,Mesa 2,70.08,2024.0,2021.0
39089,Newton Court 3,60.0,2024.0,2023.0
31153,Sarpy 7,80.0,2024.0,2022.0
13217,Social Circle 3,50.0,2024.0,2018.0
17037,DeKalb 3,99.6,2024.0,2022.0
18141,New Carlisle 1,60.0,2024.0,2024.0
18127,Portage,60.0,2024.0,2023.0
01089,Alabama 5,80.0,2024.0,2022.0
16001,Boise,96.0,2024.0,2000.0
29047,Meta Kansas City 1,60.1955,2024.0,2022.0
35061,Los Lunas 8,92.0,2024.0,2022.0
04013,Mesa 3,70.08,2024.0,2022.0
55101,Mount Pleasant 01,90.0,2024.0,2023.0
31153,Sarpy 8,80.0,2024.0,2022.0
32029,US-RNO 4,174.55679999999998,2024.0,2022.0
01089,Alabama 6,80.0,2025.0,2022.0
01089,Alabama 7,80.0,2025.0,2022.0
39049,Columbus (Lockbourne) 1,50.0,2024.0,2021.0
51153,Gainesville East,107.6923077,2025.0,2022.0
32003,Henderson-3,60.0,2025.0,2024.0
18141,New Carlisle 2,60.0,2025.0,2024.0
13217,Social Circle 4,50.0,2025.0,2018.0
17037,DeKalb 4,99.6,2025.0,2022.0
28089,"Madison County, MS Ridgeland 1",80.0,2025.0,2024.0
04013,Mesa 4,70.08,2024.0,2022.0
04013,Mesa 5,70.08,2025.0,2022.0
51107,Digital Dulles 3,95.985,2024.0,2018.0
45015,Berkeley County 5,50.8248,2015.0,2007.0
19155,Council Bluffs 2 building 4,60.0,2015.0,2015.0
53025,WA13,63.6,2023.0,2022.0
38021,HPC datacenter North Dakota building 1,80.0,2025.0,2023.0
39089,New Albany 3a,50.0,2023.0,2021.0
39049,New Albany 4a,50.0,2024.0,2023.0
39049,New Albany 5a,50.0,2025.0,2023.0
39049,Columbus (Lockbourne) 2,50.0,2025.0,2021.0
39045,Lancaster 2,50.0,2024.0,2021.0
39089,New Albany 7a,50.0,2024.0,2019.0
39049,New Albany 6a,50.0,2025.0,2019.0
41049,PDX92,50.0,2021.0,2019.0
41049,PDX66,51.9,2021.0,2019.0
41059,PDX63,50.0,2022.0,2019.0
41049,PDX93,50.0,2022.0,2022.0
41049,PDX109,50.0,2022.0,2022.0
41059,PDX130,50.0,2023.0,2019.0
41059,PDX131,50.0,2023.0,2019.0
41049,PDX110,50.0,2023.0,2022.0
41049,PDX111,50.0,2023.0,2022.0
41059,PDX138,50.0,2024.0,2022.0
41049,PDX112,50.0,2024.0,2022.0
41059,PDX132,50.0,2024.0,2022.0
41059,PDX194,50.0,2024.0,2022.0
41049,PDX181,50.0,2024.0,2022.0
41049,PDX179,50.0,2024.0,2022.0
41049,PDX180,50.0,2024.0,2022.0
41049,PDX178,50.0,2024.0,2022.0
41049,PDX170,50.0,2024.0,2022.0
41059,PDX133,50.0,2025.0,2022.0
41059,PDX195,50.0,2025.0,2022.0
37069,Franklin County,500.0,2017.0,2017.0
13313,"Dalton 1, GA",97.5,2018.0,2018.0
13313,"Dalton 2, GA",97.5,2018.0,2018.0
37039,"Marble 2, NC",69.0,2018.0,2017.0
48331,Texas,742.0,2019.0,2018.0
31019,"Kearney, NE",100.0,2019.0,2019.0
13075,Cook County,270.0,2019.0,2019.0
21157,"Calvert City, KY",150.0,2019.0,2019.0
30093,Butte Montana,75.0,2020.0,2018.0
48331,"Rockdale, Texas",450.0,2021.0,2019.0
36089,"Massena, NY",50.0,2021.0,2018.0
42121,Scrubgrass,90.0,2021.0,2021.0
54047,Panther,90.0,2021.0,2020.0
38035,"Grand Forks, ND",100.0,2021.0,2021.0
36063,Tonawanda County,60.0,2021.0,2021.0
48371,Fort Stockton,325.0,2021.0,2021.0
18153,Sullivan,115.0,2022.0,2022.0
36063,Lake Mariner,153.0,2022.0,2021.0
48125,"Helios, Dicken County, TX",180.0,2022.0,2021.0
38105,Williston North Dakota,480.0,2022.0,2022.0
48221,Granbury/Wolf Hollow,100.0,2023.0,2022.0
13317,"Washington, GA",82.0,2022.0,2022.0
38093,Applied Dig JMS01,100.0,2022.0,2021.0
48135,"Odessa Facility, TX",207.0,2022.0,2021.0
13303,"Sandersville, GA",222.0,2022.0,2020.0
48475,Pyote Texas,370.0,2022.0,2021.0
48441,Project Artemis,200.0,2022.0,2021.0
48389,"Pecos, TX",50.0,2022.0,2021.0
39111,Hannibal,100.0,2022.0,2021.0
38021,"Ellendale, ND",180.0,2023.0,2022.0
42079,Nautilus Cryptomine,50.0,2023.0,2021.0
42007,"Midland, PA",100.0,2023.0,2022.0
48173,"Garden City, TX",200.0,2023.0,2022.0
48355,Saxet Energy Park,300.0,2023.0,2023.0
48355,Corpus Christi,100.0,2024.0,2023.0
48109,"Salt Creek, Culberson County, TX",63.0,2024.0,2023.0
39063,"Findlay, OH",90.0,2024.0,2024.0
42007,Beaver County,300.0,2024.0,2022.0
48349,"Corsicana, Texas",400.0,2025.0,2022.0
48221,Texas 3,65.4,2023.0,2022.0
21127,Louisa,250.0,2024.0,2022.0
48103,"King Mountain, TX (Echo)",280.0,2023.0,2022.0
36063,"Niagara Falls, NY (Alpha)",50.0,2023.0,2021.0
38021,"Ellendale, ND",180.0,2023.0,2022.0
48371,"Garden City, TX",100.0,2023.0,2022.0
48221,"McCamey, TX",200.0,2023.0,2022.0
53051,Ponderay,100.0,2024.0,2021.0
40101,Muskogee,200.0,2024.0,2024.0
48275,Project Kati,166.0,2025.0,2023.0
48045,Project Dorothy,50.0,2025.0,2021.0
49035,Salt Lake City 2,72.0,2025.0,2019.0
13313,Dalton 3,144.949175,2023.0,2021.0
51107,SBP2,57.508,2021.0,2021.0
